"/node: ""GJLT-1418"" product where name=""Configuration Manager Client"" call uninstall", Alias not found.
"/node: ""GJWS-0523"" product where name=""Configuration Manager Client"" call uninstall", Invalid node (discarded).
"/node: ""GJLT-0961"" product where name=""Configuration Manager Client"" call uninstall", Invalid node (discarded).
"/node: ""GJLT-4054"" product where name=""Configuration Manager Client"" call uninstall", Invalid node (discarded).
"/node: ""GJWS-0370"" product where name=""Configuration Manager Client"" call uninstall", Invalid node (discarded).
"/node: ""GJLT-0778"" product where name=""Configuration Manager Client"" call uninstall",- Invalid node (discarded).
"/node: ""GJLT-0971"" product where name=""Configuration Manager Client"" call uninstall",invalid node
"/node: ""GJLT-1629"" product where name=""Configuration Manager Client"" call uninstall",invalid node
"/node: ""GJWS-0558"" product where name=""Configuration Manager Client"" call uninstall",Invalid node (discarded).
"/node: ""GJWS-1641"" product where name=""Configuration Manager Client"" call uninstall",Invalid node (discarded).
"/node: ""GJLT-1193"" product where name=""Configuration Manager Client"" call uninstall",Invalid node (discarded).
"/node: ""GJLT-1516"" product where name=""Configuration Manager Client"" call uninstall",Invalid node (discarded).
"/node: ""GJLT-0939"" product where name=""Configuration Manager Client"" call uninstall",Invalid node (discarded).
"/node: ""GJLT-0878"" product where name=""Configuration Manager Client"" call uninstall",No Instance(s) Available.
"/node: ""GJWS-0526"" product where name=""Configuration Manager Client"" call uninstall",No Instance(s) Available.
"/node: ""GJLT-1404"" product where name=""Configuration Manager Client"" call uninstall",No Instance(s) Available.
"/node: ""GJLT-1654"" product where name=""Configuration Manager Client"" call uninstall",No Instance(s) Available.
"/node: ""GJTA-4065"" product where name=""Configuration Manager Client"" call uninstall",No Instance(s) Available.
"/node: ""GJLT-1651"" product where name=""Configuration Manager Client"" call uninstall",No Instance(s) Available.
"/node: ""GJLT-1648"" product where name=""Configuration Manager Client"" call uninstall",No Instance(s) Available.
"/node: ""GJWS-0503"" product where name=""Configuration Manager Client"" call uninstall",No Instance(s) Available.
"/node: ""GJLT-0992"" product where name=""Configuration Manager Client"" call uninstall",No Instance(s) Available.
"/node: ""GJLT-0810"" product where name=""Configuration Manager Client"" call uninstall",No Instance(s) Available.
"/node: ""GJLT-1649"" product where name=""Configuration Manager Client"" call uninstall",No Instance(s) Available.
"/node: ""GJTA-1223"" product where name=""Configuration Manager Client"" call uninstall",No Instance(s) Available.
"/node: ""GJLT-1609"" product where name=""Configuration Manager Client"" call uninstall",No Instance(s) Available.
"/node: ""GJLT-1520"" product where name=""Configuration Manager Client"" call uninstall",No Instance(s) Available.
"/node: ""GJLT-0403"" product where name=""Configuration Manager Client"" call uninstall",No Instance(s) Available.
"/node: ""GJLT-1171"" product where name=""Configuration Manager Client"" call uninstall",No Instance(s) Available.
"/node: ""GJWS-1640"" product where name=""Configuration Manager Client"" call uninstall",No Instance(s) Available.
"/node: ""GJLT-1153"" product where name=""Configuration Manager Client"" call uninstall",No Instance(s) Available.
"/node: ""GJLT-1195"" product where name=""Configuration Manager Client"" call uninstall",No Instance(s) Available.
"/node: ""GJLT-1030"" product where name=""Configuration Manager Client"" call uninstall",No Instance(s) Available.
"/node: ""GJLT-1161"" product where name=""Configuration Manager Client"" call uninstall",No Instance(s) Available.
"/node: ""GJLT-0803"" product where name=""Configuration Manager Client"" call uninstall",No Instance(s) Available.
"/node: ""GJLT-4059"" product where name=""Configuration Manager Client"" call uninstall",No Instance(s) Available.
"/node: ""GJLT-1661"" product where name=""Configuration Manager Client"" call uninstall",No Instance(s) Available.
"/node: ""GJLT-4043"" product where name=""Configuration Manager Client"" call uninstall",No Instance(s) Available.
"/node: ""GJLT-0989"" product where name=""Configuration Manager Client"" call uninstall",Success
"/node: ""GJLT-1150"" product where name=""Configuration Manager Client"" call uninstall",Success
"/node: ""GJWS-0729"" product where name=""Configuration Manager Client"" call uninstall",Success
"/node: ""GJWS-0982"" product where name=""Configuration Manager Client"" call uninstall",Success
"/node: ""GJWS-1522"" product where name=""Configuration Manager Client"" call uninstall",Success
"/node: ""GJLT-1537"" product where name=""Configuration Manager Client"" call uninstall",Success
"/node: ""GJLT-0637"" product where name=""Configuration Manager Client"" call uninstall",Success
"/node: ""GJWS-1095"" product where name=""Configuration Manager Client"" call uninstall",Success
"/node: ""GJLT-1548"" product where name=""Configuration Manager Client"" call uninstall",Success
"/node: ""GJLT-1583"" product where name=""Configuration Manager Client"" call uninstall",Success
"/node: ""GJWS-0710"" product where name=""Configuration Manager Client"" call uninstall",Success
"/node: ""GJLT-1410"" product where name=""Configuration Manager Client"" call uninstall",Success
"/node: ""GJWS-1145"" product where name=""Configuration Manager Client"" call uninstall",Success
"/node: ""GJWS-4047"" product where name=""Configuration Manager Client"" call uninstall",Success
"/node: ""GJWS-1682"" product where name=""Configuration Manager Client"" call uninstall",Success
"/node: ""GJLT-4066"" product where name=""Configuration Manager Client"" call uninstall",Success
"/node: ""GJLT-1641"" product where name=""Configuration Manager Client"" call uninstall",Success
"/node: ""GJLT-0883"" product where name=""Configuration Manager Client"" call uninstall",Success
